MouseID,S6_N,P38_N,RAPTOR_N,Ubiquitin_N,Tau_N,Genotype,Treatment,Behavior,class
309_1,0.354604528,0.335335828,0.339570613,1.044979186,0.125190375,Control,Memantine,C/S,c-CS-m
309_2,0.354548277,0.324834659,0.321959168,1.009883059,0.13427507,Control,Memantine,C/S,c-CS-m
309_3,0.386086771,0.324851731,0.3130859,0.996847617,0.132560376,Control,Memantine,C/S,c-CS-m
309_4,0.290679519,0.330120809,0.328491923,0.990224696,0.123209558,Control,Memantine,C/S,c-CS-m
309_5,0.309345015,0.313414798,0.312206258,0.997774997,0.136837714,Control,Memantine,C/S,c-CS-m
309_6,0.332367081,0.296276381,0.303132141,0.920178167,0.130514706,Control,Memantine,C/S,c-CS-m
309_7,0.266857376,0.333909491,0.329352608,1.028769922,0.115978749,Control,Memantine,C/S,c-CS-m
309_8,0.288607595,0.322788698,0.298525799,0.943544304,0.119578059,Control,Memantine,C/S,c-CS-m
309_9,0.294112569,0.294518561,0.279292343,0.94690953,0.123964088,Control,Memantine,C/S,c-CS-m
309_10,0.24977518,0.394349142,0.336024218,0.970323741,0.117580935,Control,Memantine,C/S,c-CS-m
309_11,0.275416952,0.352118386,0.323535374,0.940370117,0.125999543,Control,Memantine,C/S,c-CS-m
309_12,0.287319612,0.33451119,0.319199058,0.911521173,0.127986752,Control,Memantine,C/S,c-CS-m
309_13,0.244889503,0.37366548,0.332426209,0.997237569,0.117403315,Control,Memantine,C/S,c-CS-m
309_14,0.254957109,0.370684177,0.321965685,0.980874701,0.117283083,Control,Memantine,C/S,c-CS-m
309_15,0.269770774,0.358595194,0.336414048,0.942406877,0.119054441,Control,Memantine,C/S,c-CS-m
311_1,0.294117647,0.373767113,0.407478286,1.177892696,0.182546865,Control,Memantine,C/S,c-CS-m
311_2,0.380730897,0.361410788,0.36473029,1.115681063,0.184186047,Control,Memantine,C/S,c-CS-m
311_3,0.400961278,0.348731384,0.35452289,1.044476036,0.185824533,Control,Memantine,C/S,c-CS-m
311_4,0.283037639,0.404513241,0.4000373,1.09053225,0.181976455,Control,Memantine,C/S,c-CS-m
311_5,0.353029922,0.349918963,0.337439222,1.020870003,0.178610343,Control,Memantine,C/S,c-CS-m
311_6,0.362339515,0.37086669,0.342151062,1.047243434,0.195435093,Control,Memantine,C/S,c-CS-m
311_7,0.243437017,0.435491383,0.433628319,1.178138098,0.167218178,Control,Memantine,C/S,c-CS-m
311_8,0.323068246,0.4260181,0.413800905,1.118668923,0.159052453,Control,Memantine,C/S,c-CS-m
311_9,0.312030075,0.383445946,0.349873311,0.979544449,0.153803627,Control,Memantine,C/S,c-CS-m
311_10,0.251571468,0.478272752,0.441104127,1.154413774,0.164252528,Control,Memantine,C/S,c-CS-m
311_11,0.29121179,0.559595321,0.5042681,1.068367904,0.155977074,Control,Memantine,C/S,c-CS-m
311_12,0.313907658,0.458942333,0.410045177,1.027167793,0.161317568,Control,Memantine,C/S,c-CS-m
311_13,0.170105528,0.456854345,0.485312118,1.103323358,0.142699638,Control,Memantine,C/S,c-CS-m
311_14,0.232651103,0.509797724,0.455436157,1.030060761,0.143428206,Control,Memantine,C/S,c-CS-m
311_15,0.239233666,0.488479263,0.428571429,1.009988538,0.136400851,Control,Memantine,C/S,c-CS-m
320_1,0.676686905,0.383589936,0.368757041,1.180117479,0.353719335,Control,Memantine,C/S,c-CS-m
320_2,0.637341343,0.394511964,0.388340296,1.066127313,0.34308691,Control,Memantine,C/S,c-CS-m
320_3,0.590310006,0.402338961,0.405639913,1.063393354,0.335483572,Control,Memantine,C/S,c-CS-m
320_4,0.598989964,0.392852772,0.354546567,1.291056703,0.292974493,Control,Memantine,C/S,c-CS-m
320_5,0.576849975,0.40919367,0.387967847,1.157121135,0.301951343,Control,Memantine,C/S,c-CS-m
320_6,0.529756455,0.417457542,0.406218781,1.186595862,0.298297015,Control,Memantine,C/S,c-CS-m
320_7,0.577617658,0.408777711,0.357549431,1.26286027,0.263681138,Control,Memantine,C/S,c-CS-m
320_8,0.520851509,0.423943227,0.387226165,1.269499215,0.257895655,Control,Memantine,C/S,c-CS-m
320_9,0.485214708,0.444358218,0.412851156,1.214451016,0.257992629,Control,Memantine,C/S,c-CS-m
320_10,0.551077788,0.461303851,0.39306138,1.380974695,0.241682287,Control,Memantine,C/S,c-CS-m
320_11,0.52475133,0.457428733,0.407211629,1.48912792,0.245662734,Control,Memantine,C/S,c-CS-m
320_12,0.442951542,0.475146475,0.434889435,1.375330396,0.235792952,Control,Memantine,C/S,c-CS-m
320_13,0.529549848,0.434366454,0.383090246,1.352112676,0.228666114,Control,Memantine,C/S,c-CS-m
320_14,0.482980434,0.455730954,0.412948982,1.426159207,0.217770035,Control,Memantine,C/S,c-CS-m
320_15,0.442745098,0.472924188,0.436371841,1.357385621,0.210588235,Control,Memantine,C/S,c-CS-m
321_1,0.534110017,0.391771805,0.336478332,1.244535191,0.297862119,Control,Memantine,C/S,c-CS-m
321_2,0.521085595,0.391243243,0.344864865,1.251297346,0.305099911,Control,Memantine,C/S,c-CS-m
321_3,0.519772388,0.404069767,0.366602067,1.168640074,0.288309001,Control,Memantine,C/S,c-CS-m
321_4,0.50377873,0.410353007,0.345332775,1.322399688,0.272536034,Control,Memantine,C/S,c-CS-m
321_5,0.498810711,0.424276169,0.35857461,1.228420164,0.264789381,Control,Memantine,C/S,c-CS-m
321_6,0.514411075,0.424031642,0.370840153,1.227929495,0.274982979,Control,Memantine,C/S,c-CS-m
321_7,0.472585639,0.385747742,0.340414854,1.347248577,0.226905023,Control,Memantine,C/S,c-CS-m
321_8,0.482942431,0.437801516,0.348897312,1.313529754,0.23929056,Control,Memantine,C/S,c-CS-m
321_9,0.507668564,0.444032367,0.383513149,1.30529565,0.237387865,Control,Memantine,C/S,c-CS-m
321_10,0.548395616,0.39442947,0.372192273,1.413706589,0.204014261,Control,Memantine,C/S,c-CS-m
321_11,0.549644456,0.398565344,0.352387357,1.43705557,0.230576771,Control,Memantine,C/S,c-CS-m
321_12,0.546165055,0.424895536,0.354519463,1.369850311,0.195522586,Control,Memantine,C/S,c-CS-m
321_13,0.527116402,0.423759791,0.323759791,1.512070106,0.201554233,Control,Memantine,C/S,c-CS-m
321_14,0.529676693,0.389050516,0.353874636,1.473218594,0.196879524,Control,Memantine,C/S,c-CS-m
321_15,0.509053036,0.395045632,0.349674055,1.402820061,0.190514341,Control,Memantine,C/S,c-CS-m
322_1,0.45035929,0.337405123,0.277514231,1.273427189,0.215207508,Control,Memantine,C/S,c-CS-m
322_2,0.444249726,0.355511172,0.297091499,1.215991238,0.220518437,Control,Memantine,C/S,c-CS-m
322_3,0.435677159,0.36028953,0.305129165,1.274978342,0.205457696,Control,Memantine,C/S,c-CS-m
322_4,0.413701775,0.429429429,0.311363996,1.290103293,0.196080162,Control,Memantine,C/S,c-CS-m
322_5,0.410228608,0.389867841,0.317809943,1.339025933,0.208276859,Control,Memantine,C/S,c-CS-m
322_6,0.407729995,0.394983331,0.330052389,1.295953547,0.199872981,Control,Memantine,C/S,c-CS-m
322_7,0.370808679,0.395188326,0.323802011,1.334725606,0.201879568,Control,Memantine,C/S,c-CS-m
322_8,0.381476224,0.40893067,0.325303564,1.307546723,0.188549799,Control,Memantine,C/S,c-CS-m
322_9,0.372551362,0.421682099,0.330246914,1.286072623,0.175585284,Control,Memantine,C/S,c-CS-m
322_10,0.340060824,0.469611968,0.359747546,1.34835499,0.188830523,Control,Memantine,C/S,c-CS-m
322_11,0.341052632,0.451160653,0.339921857,1.335298246,0.171649123,Control,Memantine,C/S,c-CS-m
322_12,0.346257252,0.516015899,0.375964461,1.313004104,0.167963775,Control,Memantine,C/S,c-CS-m
322_13,0.302915767,0.523783186,0.38550885,1.362491001,0.153347732,Control,Memantine,C/S,c-CS-m
322_14,0.330545455,0.559493671,0.391561181,1.381090909,0.168,Control,Memantine,C/S,c-CS-m
322_15,0.300750503,0.534864416,0.379911455,1.308804686,0.152663372,Control,Memantine,C/S,c-CS-m
3415_1,0.54104099,0.401049869,0.321959755,1.139153815,0.210379464,Control,Memantine,C/S,c-CS-m
3415_2,0.539226409,0.402317597,0.296051502,1.227851248,0.193397633,Control,Memantine,C/S,c-CS-m
3415_3,0.561875442,0.410913238,0.29967541,1.226102756,0.20429999,Control,Memantine,C/S,c-CS-m
3415_4,0.466762285,0.394739813,0.286714076,1.05649788,0.194125717,Control,Memantine,C/S,c-CS-m
3415_5,0.491797166,0.393666178,0.290318945,1.132736764,0.19711658,Control,Memantine,C/S,c-CS-m
3415_6,0.483420268,0.416499666,0.288799822,1.176353701,0.204359165,Control,Memantine,C/S,c-CS-m
3415_7,0.393785357,0.394805195,0.284347232,1.115438223,0.173977208,Control,Memantine,C/S,c-CS-m
3415_8,0.409064689,0.363943809,0.302029136,1.141161928,0.170333745,Control,Memantine,C/S,c-CS-m
3415_9,0.418376748,0.42295302,0.293691275,1.188122958,0.188709272,Control,Memantine,C/S,c-CS-m
3415_10,0.359329446,0.401687216,0.304510058,1.040712203,0.164618909,Control,Memantine,C/S,c-CS-m
3415_11,0.374270833,0.43678908,0.312317192,1.103958333,0.165520833,Control,Memantine,C/S,c-CS-m
3415_12,0.365617433,0.425040917,0.322094926,1.133803558,0.17433414,Control,Memantine,C/S,c-CS-m
3415_13,0.226273847,0.474989833,0.293005287,0.750664091,0.096232794,Control,Memantine,C/S,c-CS-m
3415_14,0.244690892,0.470893142,0.331140351,0.811821614,0.099693252,Control,Memantine,C/S,c-CS-m
3415_15,0.264653217,0.475770925,0.341409692,0.856870001,0.100155187,Control,Memantine,C/S,c-CS-m
3499_1,0.620987958,0.411144578,0.27303331,1.078348489,0.202457606,Control,Memantine,C/S,c-CS-m
3499_2,0.602609326,0.413774403,0.275849602,1.110316502,0.205411935,Control,Memantine,C/S,c-CS-m
3499_3,0.623012573,0.419746426,0.273086953,1.136001174,0.212024852,Control,Memantine,C/S,c-CS-m
3499_4,0.578658346,0.38372615,0.256565657,1.021840874,0.181154446,Control,Memantine,C/S,c-CS-m
3499_5,0.574760364,0.384928717,0.254582485,1.051834666,0.183161365,Control,Memantine,C/S,c-CS-m
3499_6,0.586959217,0.354447592,0.251444759,1.036506756,0.200012396,Control,Memantine,C/S,c-CS-m
3499_7,0.526307535,0.409401709,0.246296296,1.026581981,0.171489061,Control,Memantine,C/S,c-CS-m
3499_8,0.526633633,0.383933676,0.254431103,1.058067513,0.171492722,Control,Memantine,C/S,c-CS-m
3499_9,0.51235391,0.406947148,0.264261117,1.042513138,0.179935681,Control,Memantine,C/S,c-CS-m
3499_10,0.467907445,0.40519263,0.259798995,1.021830986,0.166297787,Control,Memantine,C/S,c-CS-m
3499_11,0.471810679,0.408507765,0.264854828,1.037585761,0.172814955,Control,Memantine,C/S,c-CS-m
3499_12,0.475065617,0.411622694,0.268322125,1.049666869,0.173934989,Control,Memantine,C/S,c-CS-m
3499_13,0.406458596,0.425112613,0.280780781,1.042215407,0.175717121,Control,Memantine,C/S,c-CS-m
3499_14,0.410624551,0.437815598,0.279034973,1.051687006,0.177853553,Control,Memantine,C/S,c-CS-m
3499_15,0.413558699,0.411369991,0.279403541,1.062465552,0.175638435,Control,Memantine,C/S,c-CS-m
3507_1,0.5511395,0.344616697,0.283601195,1.170412428,0.185632048,Control,Memantine,C/S,c-CS-m
3507_2,0.542485708,0.365520158,0.279954891,1.122249197,0.187641945,Control,Memantine,C/S,c-CS-m
3507_3,0.574106295,0.351642048,0.284382619,1.147975324,0.19266055,Control,Memantine,C/S,c-CS-m
3507_4,0.542167458,0.342815345,0.272756827,1.18977881,0.184021816,Control,Memantine,C/S,c-CS-m
3507_5,0.541768045,0.345255837,0.267759563,1.166768045,0.180048662,Control,Memantine,C/S,c-CS-m
3507_6,0.526321077,0.335369993,0.282077393,1.143962226,0.178018887,Control,Memantine,C/S,c-CS-m
3507_7,0.485955787,0.408215409,0.275353774,1.203120936,0.167750325,Control,Memantine,C/S,c-CS-m
3507_8,0.50571391,0.402858326,0.29908865,1.194404308,0.17010377,Control,Memantine,C/S,c-CS-m
3507_9,0.511297951,0.363598673,0.289593698,1.204414083,0.169600631,Control,Memantine,C/S,c-CS-m
3507_10,0.474462784,0.457338691,0.29827464,1.220959203,0.169884771,Control,Memantine,C/S,c-CS-m
3507_11,0.491089733,0.433971527,0.302650957,1.213688693,0.175524365,Control,Memantine,C/S,c-CS-m
3507_12,0.476091142,0.442189106,0.32065776,1.235558408,0.178273427,Control,Memantine,C/S,c-CS-m
3507_13,0.437341236,0.45687091,0.360202261,1.313928874,0.164479255,Control,Memantine,C/S,c-CS-m
3507_14,0.471365639,0.480431083,0.321043676,1.278162366,0.168239983,Control,Memantine,C/S,c-CS-m
3507_15,0.452696918,0.5160451,0.327551315,1.278253425,0.175513699,Control,Memantine,C/S,c-CS-m
3520_1,0.778590426,0.415442561,0.284463277,1.268975041,0.273220131,Control,Memantine,C/S,c-CS-m
3520_2,0.787034626,0.410892037,0.288093415,1.279822963,0.277583963,Control,Memantine,C/S,c-CS-m
3520_3,0.780678851,0.40546697,0.342160213,1.395039164,0.271018277,Control,Memantine,C/S,c-CS-m
3520_4,0.654398087,0.421031954,0.304609743,1.289131012,0.250265745,Control,Memantine,C/S,c-CS-m
3520_5,0.683028617,0.408079249,0.288305673,1.286830949,0.263447271,Control,Memantine,C/S,c-CS-m
3520_6,0.677120316,0.424048984,0.331422616,1.316831032,0.235700197,Control,Memantine,C/S,c-CS-m
3520_7,0.600309438,0.377709973,0.281194797,1.322245144,0.221591886,Control,Memantine,C/S,c-CS-m
3520_8,0.596273292,0.357478098,0.277221527,1.310388837,0.229898749,Control,Memantine,C/S,c-CS-m
3520_9,0.593470292,0.357501904,0.275095202,1.310970932,0.216435087,Control,Memantine,C/S,c-CS-m
3520_10,0.593010942,0.358163265,0.280816327,1.264384045,0.1931992,Control,Memantine,C/S,c-CS-m
3520_11,0.602934217,0.374869329,0.291239808,1.243019404,0.196639849,Control,Memantine,C/S,c-CS-m
3520_12,0.589034677,0.369763206,0.2825339,1.17373477,0.203608247,Control,Memantine,C/S,c-CS-m
3520_13,0.543338684,0.38131437,0.275380088,1.224398074,0.1894061,Control,Memantine,C/S,c-CS-m
3520_14,0.564949789,0.416540595,0.302571861,1.227243278,0.199060577,Control,Memantine,C/S,c-CS-m
3520_15,0.567976804,0.41224885,0.289518276,1.174774485,0.188305412,Control,Memantine,C/S,c-CS-m
3521_1,0.580186603,0.421626984,0.31588955,1.158524778,0.211865153,Control,Memantine,C/S,c-CS-m
3521_2,0.592034114,0.417986331,0.321386898,1.180243549,0.204510485,Control,Memantine,C/S,c-CS-m
3521_3,0.587945716,0.412628488,0.315875347,1.227159837,0.206625865,Control,Memantine,C/S,c-CS-m
3521_4,0.516971743,0.410637333,0.338738943,1.162727327,0.197618624,Control,Memantine,C/S,c-CS-m
3521_5,0.527060932,0.40322032,0.310125865,1.208841099,0.193548387,Control,Memantine,C/S,c-CS-m
3521_6,0.543223881,0.382690187,0.310253583,1.175880597,0.200776119,Control,Memantine,C/S,c-CS-m
3521_7,0.477995676,0.364229591,0.290850979,1.1571958,0.196571958,Control,Memantine,C/S,c-CS-m
3521_8,0.486782418,0.356828781,0.290739507,1.179727827,0.199202252,Control,Memantine,C/S,c-CS-m
3521_9,0.489419849,0.345819398,0.289899666,1.189427657,0.196689311,Control,Memantine,C/S,c-CS-m
3521_10,0.455648742,0.346449808,0.287513116,1.236112481,0.186581154,Control,Memantine,C/S,c-CS-m
3521_11,0.466554522,0.358211614,0.309226933,1.234217297,0.194339996,Control,Memantine,C/S,c-CS-m
3521_12,0.450620299,0.385364095,0.302271089,1.238448764,0.18198691,Control,Memantine,C/S,c-CS-m
3521_13,0.401588352,0.351315789,0.281140351,1.231369954,0.178027796,Control,Memantine,C/S,c-CS-m
3521_14,0.435212396,0.365495776,0.285237884,1.250734705,0.182741117,Control,Memantine,C/S,c-CS-m
3521_15,0.424579526,0.365705931,0.2786132,1.20884651,0.177327506,Control,Memantine,C/S,c-CS-m
3477_1,0.428592058,0.411591618,0.355060187,1.105222623,0.194368231,Control,Saline,C/S,c-CS-s
3477_2,0.414417906,0.418946025,0.377279358,1.093115644,0.18458408,Control,Saline,C/S,c-CS-s
3477_3,0.361648795,0.425354691,0.402105263,0.998700274,0.180476257,Control,Saline,C/S,c-CS-s
3477_4,0.389429764,0.442757822,0.361529548,1.078644582,0.17695031,Control,Saline,C/S,c-CS-s
3477_5,0.368027383,0.422313955,0.373695677,1.04773073,0.173744929,Control,Saline,C/S,c-CS-s
3477_6,0.340109223,0.446717918,0.408752218,1.075546117,0.166868932,Control,Saline,C/S,c-CS-s
3477_7,0.347043926,0.42134019,0.388879961,1.014234565,0.166361017,Control,Saline,C/S,c-CS-s
3477_8,0.332110248,0.443660817,0.401344924,1.035839235,0.167761754,Control,Saline,C/S,c-CS-s
3477_9,0.294967031,0.468034594,0.445480753,1.023537267,0.161589183,Control,Saline,C/S,c-CS-s
3477_10,0.355078448,0.476439791,0.390366492,1.213400967,0.170933113,Control,Saline,C/S,c-CS-s
3477_11,0.328627632,0.486809045,0.409966499,1.173455219,0.172645221,Control,Saline,C/S,c-CS-s
3477_12,0.281025986,0.499684011,0.443227301,1.157930108,0.165546595,Control,Saline,C/S,c-CS-s
3477_13,0.341727152,0.455286691,0.359547607,1.14086802,0.173455784,Control,Saline,C/S,c-CS-s
3477_14,0.333187836,0.441075666,0.400738202,1.143605412,0.172995781,Control,Saline,C/S,c-CS-s
3477_15,0.292109364,0.492787223,0.433797012,1.185295368,0.161495963,Control,Saline,C/S,c-CS-s
3478_1,0.527747958,0.360962104,0.326527081,1.109451575,0.231458576,Control,Saline,C/S,c-CS-s
3478_2,0.512686894,0.363178025,0.341707232,1.202990308,0.269517362,Control,Saline,C/S,c-CS-s
3478_3,0.472581241,0.386401915,0.36503856,1.151957164,0.251661743,Control,Saline,C/S,c-CS-s
3478_4,0.480370774,0.388620568,0.319472258,1.146431601,0.239912759,Control,Saline,C/S,c-CS-s
3478_5,0.452820982,0.387445117,0.33404533,1.116376944,0.245074718,Control,Saline,C/S,c-CS-s
3478_6,0.409777055,0.388371538,0.354703916,1.106072922,0.233917789,Control,Saline,C/S,c-CS-s
3478_7,0.420793626,0.383345298,0.31959799,1.134900797,0.197547258,Control,Saline,C/S,c-CS-s
3478_8,0.399526645,0.39655933,0.346419644,1.13963964,0.198579936,Control,Saline,C/S,c-CS-s
3478_9,0.351051316,0.385647608,0.363914819,1.055580062,0.192177621,Control,Saline,C/S,c-CS-s
3478_10,0.436672226,0.343807424,0.298052187,1.186598646,0.180319827,Control,Saline,C/S,c-CS-s
3478_11,0.437123977,0.332635983,0.294456067,1.260676595,0.174080284,Control,Saline,C/S,c-CS-s
3478_12,0.424407115,0.376102941,0.335661765,1.14298419,0.16729249,Control,Saline,C/S,c-CS-s
3478_13,0.422121255,0.326127624,0.295364789,1.185858299,0.163708647,Control,Saline,C/S,c-CS-s
3478_14,0.411406736,0.339874739,0.319832985,1.172940843,0.170110388,Control,Saline,C/S,c-CS-s
3478_15,0.412141941,0.354024415,0.315952824,1.139803335,0.159897392,Control,Saline,C/S,c-CS-s
3479_1,0.487092964,0.331621867,0.279472466,0.950284011,0.169675496,Control,Saline,C/S,c-CS-s
3479_2,0.464563841,0.332338605,0.283895355,0.974676452,0.164939212,Control,Saline,C/S,c-CS-s
3479_3,0.459189996,0.357736934,0.304035322,0.960795359,0.171520306,Control,Saline,C/S,c-CS-s
3479_4,0.42553356,0.34502924,0.287948131,1.008428704,0.154887102,Control,Saline,C/S,c-CS-s
3479_5,0.434895436,0.383261635,0.30217703,0.967714853,0.151885208,Control,Saline,C/S,c-CS-s
3479_6,0.416283701,0.372123777,0.320550119,0.926930147,0.149586397,Control,Saline,C/S,c-CS-s
3479_7,0.397242351,0.375245258,0.30559189,1.012479871,0.169887279,Control,Saline,C/S,c-CS-s
3479_8,0.388560158,0.375,0.321753247,0.994674556,0.148915187,Control,Saline,C/S,c-CS-s
3479_9,0.368572563,0.391030811,0.320212938,0.996823506,0.170438753,Control,Saline,C/S,c-CS-s
3479_10,0.37908328,0.4091586,0.312918838,1.048676566,0.155584248,Control,Saline,C/S,c-CS-s
3479_11,0.362901188,0.419538054,0.334721696,1.015921152,0.154536265,Control,Saline,C/S,c-CS-s
3479_12,0.366177761,0.406685237,0.329805014,0.995361665,0.154820108,Control,Saline,C/S,c-CS-s
3479_13,0.340957015,0.414012739,0.320731457,1.164963504,0.147607461,Control,Saline,C/S,c-CS-s
3479_14,0.3578238,0.436801013,0.34733066,1.123931624,0.154832347,Control,Saline,C/S,c-CS-s
3479_15,0.347819037,0.449620573,0.340640809,1.025944544,0.148532512,Control,Saline,C/S,c-CS-s
3480_1,0.400284052,0.358893216,0.284891269,1.018921519,0.161497228,Control,Saline,C/S,c-CS-s
3480_2,0.394858333,0.375266175,0.28968059,1.05947316,0.15257536,Control,Saline,C/S,c-CS-s
3480_3,0.387586806,0.352173221,0.284429231,1.035763889,0.139713542,Control,Saline,C/S,c-CS-s
3480_4,0.348342594,0.350706436,0.267399267,1.09133295,0.160183943,Control,Saline,C/S,c-CS-s
3480_5,0.347252339,0.354466859,0.269967065,1.043181959,0.140140016,Control,Saline,C/S,c-CS-s
3480_6,0.35468731,0.346774194,0.273883375,1.020480312,0.154455687,Control,Saline,C/S,c-CS-s
3480_7,0.305562303,0.350593037,0.271649024,1.055865922,0.147113594,Control,Saline,C/S,c-CS-s
3480_8,0.314795634,0.350515464,0.27508172,1.019440682,0.143335192,Control,Saline,C/S,c-CS-s
3480_9,0.30682874,0.344284995,0.27051863,0.989393001,0.138045835,Control,Saline,C/S,c-CS-s
3480_10,0.290601731,0.341342544,0.259948941,1.006339304,0.1311129,Control,Saline,C/S,c-CS-s
3480_11,0.299513973,0.379698676,0.267539187,0.991798299,0.13527744,Control,Saline,C/S,c-CS-s
3480_12,0.307561682,0.352276108,0.307349003,1.002697033,0.14853661,Control,Saline,C/S,c-CS-s
3480_13,0.280645161,0.377262443,0.307880845,0.985483871,0.131265509,Control,Saline,C/S,c-CS-s
3480_14,0.281087613,0.371641791,0.273880597,0.933534743,0.130876133,Control,Saline,C/S,c-CS-s
3480_15,0.279975728,0.370090356,0.273833671,0.989320388,0.13131068,Control,Saline,C/S,c-CS-s
3484_1,0.442373631,0.322651198,0.331875238,1.08776684,0.357150758,Control,Saline,C/S,c-CS-s
3484_2,0.441270015,0.320018493,0.31752196,0.884075455,0.359618337,Control,Saline,C/S,c-CS-s
3484_3,0.450490683,0.344597722,0.314044996,0.876667769,0.360403573,Control,Saline,C/S,c-CS-s
3484_4,0.388231124,0.320738355,0.330649158,0.887132223,0.330237504,Control,Saline,C/S,c-CS-s
3484_5,0.375342861,0.320585062,0.311593334,0.892594197,0.353616284,Control,Saline,C/S,c-CS-s
3484_6,0.372940341,0.32772219,0.304414361,0.830752841,0.345667614,Control,Saline,C/S,c-CS-s
3484_7,0.343160048,0.305396825,0.31015873,0.894355064,0.289500604,Control,Saline,C/S,c-CS-s
3484_8,0.349929808,0.282142857,0.294409938,1.070472625,0.301357043,Control,Saline,C/S,c-CS-s
3484_9,0.342367514,0.275079046,0.267893073,0.854335475,0.297569153,Control,Saline,C/S,c-CS-s
3484_10,0.276331425,0.333333333,0.360100376,0.877930215,0.160959274,Control,Saline,C/S,c-CS-s
3484_11,0.316689008,0.284122563,0.3143653,0.885835567,0.177949062,Control,Saline,C/S,c-CS-s
3484_12,0.338722624,0.297307997,0.322248614,0.914230019,0.190230478,Control,Saline,C/S,c-CS-s
3484_13,0.279805711,0.337355032,0.349794239,1.018840153,0.168383868,Control,Saline,C/S,c-CS-s
3484_14,0.305625277,0.324270745,0.342490324,0.971209213,0.170677691,Control,Saline,C/S,c-CS-s
3484_15,0.332969602,0.318097534,0.331540886,1.101948558,0.185658613,Control,Saline,C/S,c-CS-s
3497_1,0.356971754,0.399107384,0.467811739,0.832118974,0.204261902,Control,Saline,C/S,c-CS-s
3497_2,0.433725769,0.271013803,0.320704426,0.842433777,0.205013701,Control,Saline,C/S,c-CS-s
3497_3,0.490940693,0.332949971,0.376998275,0.906352049,0.210207521,Control,Saline,C/S,c-CS-s
3497_4,0.328921633,0.398171239,0.453699086,0.91915504,0.176033381,Control,Saline,C/S,c-CS-s
3497_5,0.401870399,0.299579624,0.320227498,0.896796445,0.171121576,Control,Saline,C/S,c-CS-s
3497_6,0.446060771,0.381032376,0.393402566,1.007545374,0.19951057,Control,Saline,C/S,c-CS-s
3497_7,0.300008004,0.418862691,0.434515554,0.985511887,0.167453774,Control,Saline,C/S,c-CS-s
3497_8,0.359520531,0.268758879,0.273795686,0.999676035,0.170729732,Control,Saline,C/S,c-CS-s
3497_9,0.412776413,0.379579253,0.379035183,0.975429975,0.170679771,Control,Saline,C/S,c-CS-s
3497_10,0.267398568,0.423740511,0.430641822,0.884295943,0.147398568,Control,Saline,C/S,c-CS-s
3497_11,0.338175871,0.265589569,0.251842404,0.897729459,0.13642486,Control,Saline,C/S,c-CS-s
3497_12,0.389028182,0.411459459,0.392864865,0.948350216,0.151740046,Control,Saline,C/S,c-CS-s
3497_13,0.245157936,0.430511182,0.433972311,1.002079813,0.150656441,Control,Saline,C/S,c-CS-s
3497_14,0.320115168,0.377521614,0.356240301,1.048684727,0.159141474,Control,Saline,C/S,c-CS-s
3497_15,0.371773974,0.427747181,0.418568057,1.061260527,0.161640858,Control,Saline,C/S,c-CS-s
50810A_1,0.739386842,0.451145641,0.307677114,1.216612991,0.181479777,Control,Saline,C/S,c-CS-s
50810A_2,0.715670967,0.381937025,0.290805103,1.234119484,0.168584107,Control,Saline,C/S,c-CS-s
50810A_3,0.728735539,0.356996505,0.272206822,1.237086524,0.178059312,Control,Saline,C/S,c-CS-s
50810A_4,0.608891922,0.374203163,0.273449789,1.307700383,0.176421185,Control,Saline,C/S,c-CS-s
50810A_5,0.599327457,0.343438437,0.262705682,1.259540429,0.164925867,Control,Saline,C/S,c-CS-s
50810A_6,0.613087484,0.291163476,0.232253314,1.222767812,0.171660487,Control,Saline,C/S,c-CS-s
50810A_7,0.48685609,0.371564268,0.260206144,1.247573159,0.160419471,Control,Saline,C/S,c-CS-s
50810A_8,0.484571745,0.32141805,0.244525189,1.154490107,0.158226097,Control,Saline,C/S,c-CS-s
50810A_9,0.492154741,0.297254902,0.238529412,1.198701474,0.164412282,Control,Saline,C/S,c-CS-s
50810A_10,0.407393749,0.348395956,0.276869305,1.104360653,0.155803448,Control,Saline,C/S,c-CS-s
50810A_11,0.418297679,0.317180095,0.238507109,1.131543013,0.154119254,Control,Saline,C/S,c-CS-s
50810A_12,0.420449458,0.294825371,0.232566289,1.08648939,0.153908139,Control,Saline,C/S,c-CS-s
50810A_13,0.372151322,0.348974049,0.256638503,1.084206928,0.142092069,Control,Saline,C/S,c-CS-s
50810A_14,0.396518154,0.313854327,0.235425696,1.130798305,0.150269156,Control,Saline,C/S,c-CS-s
50810A_15,0.368916972,0.313860252,0.229667812,1.062188227,0.149650815,Control,Saline,C/S,c-CS-s
50810D_1,0.710665211,0.359151573,0.301318716,1.205978706,0.156702157,Control,Saline,C/S,c-CS-s
50810D_2,0.745820476,0.367768271,0.290054164,1.129001059,0.1663059,Control,Saline,C/S,c-CS-s
50810D_3,0.729088169,0.396990019,0.293902059,1.054446119,0.167106255,Control,Saline,C/S,c-CS-s
50810D_4,0.613839423,0.330674112,0.273234942,1.098034383,0.15718775,Control,Saline,C/S,c-CS-s
50810D_5,0.613284635,0.349068565,0.267141324,1.104494243,0.160950848,Control,Saline,C/S,c-CS-s
50810D_6,0.617159652,0.381277185,0.267101621,1.096116566,0.172722156,Control,Saline,C/S,c-CS-s
50810D_7,0.545988561,0.343472274,0.275879334,1.191296955,0.148168187,Control,Saline,C/S,c-CS-s
50810D_8,0.562924901,0.362003199,0.270333456,1.112648221,0.148221344,Control,Saline,C/S,c-CS-s
50810D_9,0.545352294,0.370895971,0.26193626,1.082108139,0.148549851,Control,Saline,C/S,c-CS-s
50810D_10,0.497163189,0.369308335,0.292736726,1.085969805,0.14395615,Control,Saline,C/S,c-CS-s
50810D_11,0.483194512,0.371358479,0.274609016,1.088486036,0.146202842,Control,Saline,C/S,c-CS-s
50810D_12,0.51124453,0.41369536,0.268984037,1.106136155,0.150300193,Control,Saline,C/S,c-CS-s
50810D_13,0.434390215,0.360752688,0.298924731,1.060681629,0.144282152,Control,Saline,C/S,c-CS-s
50810D_14,0.441265242,0.402667129,0.280914444,1.032476156,0.147772546,Control,Saline,C/S,c-CS-s
50810D_15,0.442193987,0.400857633,0.268267581,1.034469745,0.147943138,Control,Saline,C/S,c-CS-s
50810F_1,0.669527483,0.284518828,0.335076709,0.972999036,0.146480231,Control,Saline,C/S,c-CS-s
50810F_2,0.67745756,0.280753283,0.315134762,0.987070667,0.151204106,Control,Saline,C/S,c-CS-s
50810F_3,0.684995526,0.285228625,0.306476288,0.97136323,0.164860296,Control,Saline,C/S,c-CS-s
50810F_4,0.621739673,0.330570902,0.352900552,1.115063023,0.152502184,Control,Saline,C/S,c-CS-s
50810F_5,0.643520909,0.324464487,0.33167982,1.033815178,0.152297367,Control,Saline,C/S,c-CS-s
50810F_6,0.638449771,0.329329548,0.316663027,1.167261601,0.151835798,Control,Saline,C/S,c-CS-s
50810F_7,0.603878583,0.339492554,0.337286266,1.103035413,0.142158516,Control,Saline,C/S,c-CS-s
50810F_8,0.621692658,0.32633015,0.340518417,1.188890836,0.150867356,Control,Saline,C/S,c-CS-s
50810F_9,0.605136986,0.346012961,0.332206255,1.111986301,0.144178082,Control,Saline,C/S,c-CS-s
50810F_10,0.590564813,0.364120782,0.374422735,1.197576282,0.139580177,Control,Saline,C/S,c-CS-s
50810F_11,0.577899344,0.3230563,0.335455764,1.196280088,0.144201313,Control,Saline,C/S,c-CS-s
50810F_12,0.595841455,0.349537037,0.367724868,1.18128655,0.146848603,Control,Saline,C/S,c-CS-s
50810F_13,0.586598863,0.395986106,0.357005017,1.33413102,0.154352378,Control,Saline,C/S,c-CS-s
50810F_14,0.625951873,0.447093266,0.407779172,1.246116357,0.140115748,Control,Saline,C/S,c-CS-s
50810F_15,0.632286996,0.372356495,0.340634441,1.30284006,0.153363229,Control,Saline,C/S,c-CS-s
3414_1,0.452925353,0.310420676,0.25836312,0.972539789,0.194070836,Ts65Dn,Memantine,C/S,t-CS-m
3414_2,0.45064666,0.315638997,0.274563995,0.914842394,0.187783439,Ts65Dn,Memantine,C/S,t-CS-m
3414_3,0.432925485,0.332784185,0.283748425,0.882550705,0.189539242,Ts65Dn,Memantine,C/S,t-CS-m
3414_4,0.381434228,0.300893062,0.243073048,0.966050741,0.196436428,Ts65Dn,Memantine,C/S,t-CS-m
3414_5,0.39838553,0.296449704,0.256094675,0.939831079,0.192690037,Ts65Dn,Memantine,C/S,t-CS-m
3414_6,0.396880667,0.298396605,0.255246404,0.899601016,0.184185709,Ts65Dn,Memantine,C/S,t-CS-m
3414_7,0.334481769,0.2820475,0.264493288,0.953584075,0.184610968,Ts65Dn,Memantine,C/S,t-CS-m
3414_8,0.344910757,0.290476925,0.253279827,0.918379161,0.185045827,Ts65Dn,Memantine,C/S,t-CS-m
3414_9,0.351304847,0.286256068,0.244538835,0.914826498,0.184303604,Ts65Dn,Memantine,C/S,t-CS-m
3414_10,0.330581761,0.276139901,0.241530855,1.007337526,0.183176101,Ts65Dn,Memantine,C/S,t-CS-m
3414_11,0.343985211,0.302799467,0.252332889,0.99590651,0.182490427,Ts65Dn,Memantine,C/S,t-CS-m
3414_12,0.337064197,0.30830269,0.249854848,0.962948668,0.174450019,Ts65Dn,Memantine,C/S,t-CS-m
3414_13,0.319453588,0.285033572,0.248429716,1.004772877,0.184660961,Ts65Dn,Memantine,C/S,t-CS-m
3414_14,0.29973822,0.28492919,0.231874868,0.999018325,0.178828534,Ts65Dn,Memantine,C/S,t-CS-m
3414_15,0.313016696,0.323964814,0.232353572,0.994488572,0.178310909,Ts65Dn,Memantine,C/S,t-CS-m
3416_1,0.604537055,0.324433498,0.270246305,1.075001593,0.200152934,Ts65Dn,Memantine,C/S,t-CS-m
3416_2,0.581503035,0.314754763,0.284961492,0.992678806,0.188160941,Ts65Dn,Memantine,C/S,t-CS-m
3416_3,0.577013631,0.32453479,0.263450647,1.039281289,0.183705081,Ts65Dn,Memantine,C/S,t-CS-m
3416_4,0.527723924,0.307827396,0.252759659,1.021093447,0.186816596,Ts65Dn,Memantine,C/S,t-CS-m
3416_5,0.50104562,0.32357892,0.266735724,0.941445279,0.181937882,Ts65Dn,Memantine,C/S,t-CS-m
3416_6,0.51529644,0.308785861,0.285476434,0.956122372,0.171714871,Ts65Dn,Memantine,C/S,t-CS-m
3416_7,0.451207933,0.315821813,0.253456221,1.082181665,0.178816331,Ts65Dn,Memantine,C/S,t-CS-m
3416_8,0.431358602,0.312812737,0.253373768,0.998069302,0.165633574,Ts65Dn,Memantine,C/S,t-CS-m
3416_9,0.449623595,0.304616849,0.270030144,1.023099928,0.167165103,Ts65Dn,Memantine,C/S,t-CS-m
3416_10,0.480207352,0.274859597,0.225140403,1.109487904,0.170593779,Ts65Dn,Memantine,C/S,t-CS-m
3416_11,0.452410383,0.261228376,0.228535153,1.138133498,0.173825711,Ts65Dn,Memantine,C/S,t-CS-m
3416_12,0.448723758,0.265083218,0.235090153,1.079142124,0.167950461,Ts65Dn,Memantine,C/S,t-CS-m
3416_13,0.473154999,0.380265568,0.293727106,1.083855056,0.16998672,Ts65Dn,Memantine,C/S,t-CS-m
3416_14,0.451701932,0.29634932,0.220830351,1.115915363,0.182152714,Ts65Dn,Memantine,C/S,t-CS-m
3416_15,0.453127901,0.32600515,0.227767875,1.085947652,0.186003341,Ts65Dn,Memantine,C/S,t-CS-m
3417_1,0.477183705,0.269500121,0.233276986,1.124951038,0.189189189,Ts65Dn,Memantine,C/S,t-CS-m
3417_2,0.453212224,0.273745799,0.218473796,1.093386318,0.188475731,Ts65Dn,Memantine,C/S,t-CS-m
3417_3,0.468788599,0.258723958,0.223958333,1.103562945,0.196484561,Ts65Dn,Memantine,C/S,t-CS-m
3417_4,0.460610537,0.290786137,0.225838264,1.105859183,0.181437715,Ts65Dn,Memantine,C/S,t-CS-m
3417_5,0.449145452,0.286656891,0.225806452,1.10864109,0.184653998,Ts65Dn,Memantine,C/S,t-CS-m
3417_6,0.418904404,0.303852753,0.260021837,1.104189044,0.189521423,Ts65Dn,Memantine,C/S,t-CS-m
3417_7,0.415570345,0.294976239,0.247284453,1.136820926,0.175978951,Ts65Dn,Memantine,C/S,t-CS-m
3417_8,0.409221902,0.300912987,0.22955096,1.140603671,0.174730775,Ts65Dn,Memantine,C/S,t-CS-m
3417_9,0.411648418,0.281467181,0.236100386,1.157998783,0.179288321,Ts65Dn,Memantine,C/S,t-CS-m
3417_10,0.393201931,0.373333333,0.256830601,1.164923572,0.168543846,Ts65Dn,Memantine,C/S,t-CS-m
3417_11,0.40103751,0.36745283,0.287735849,1.191739824,0.178571429,Ts65Dn,Memantine,C/S,t-CS-m
3417_12,0.383138729,0.361666667,0.249285714,1.15218682,0.176330893,Ts65Dn,Memantine,C/S,t-CS-m
3417_13,0.384038029,0.372087002,0.28767478,1.192644483,0.170127596,Ts65Dn,Memantine,C/S,t-CS-m
3417_14,0.380096227,0.384236453,0.282430213,1.237528488,0.174221322,Ts65Dn,Memantine,C/S,t-CS-m
3417_15,0.361733931,0.403001668,0.299055031,1.170403587,0.176133533,Ts65Dn,Memantine,C/S,t-CS-m
3429_1,0.569476789,0.31085044,0.241935484,0.955286446,0.248253377,Ts65Dn,Memantine,C/S,t-CS-m
3429_2,0.560110761,0.307784431,0.24324684,1.023690485,0.241673717,Ts65Dn,Memantine,C/S,t-CS-m
3429_3,0.56633359,0.301728723,0.243351064,1.086318217,0.236356649,Ts65Dn,Memantine,C/S,t-CS-m
3429_4,0.510617573,0.352538896,0.252863737,0.863237873,0.222481979,Ts65Dn,Memantine,C/S,t-CS-m
3429_5,0.530419546,0.335788933,0.25578208,1.060157695,0.224861287,Ts65Dn,Memantine,C/S,t-CS-m
3429_6,0.524154826,0.333668679,0.260060362,1.010877021,0.229201372,Ts65Dn,Memantine,C/S,t-CS-m
3429_7,0.422827981,0.393522626,0.277506655,0.960418223,0.200398307,Ts65Dn,Memantine,C/S,t-CS-m
3429_8,0.445572407,0.418095031,0.267303103,1.04415362,0.200709393,Ts65Dn,Memantine,C/S,t-CS-m
3429_9,0.453280808,0.378252168,0.284856571,1.029668842,0.199064385,Ts65Dn,Memantine,C/S,t-CS-m
3429_10,0.389424733,0.448284756,0.295589373,0.956079917,0.17258009,Ts65Dn,Memantine,C/S,t-CS-m
3429_11,0.395348837,0.416518424,0.327827192,1.006235254,0.186383552,Ts65Dn,Memantine,C/S,t-CS-m
3429_12,0.410550061,0.414112799,0.295647695,1.015269825,0.16970328,Ts65Dn,Memantine,C/S,t-CS-m
3429_13,0.401052059,0.44300591,0.316915283,0.939415926,0.17576637,Ts65Dn,Memantine,C/S,t-CS-m
3429_14,0.395661527,0.48982601,0.313771749,1.023843672,0.178200072,Ts65Dn,Memantine,C/S,t-CS-m
3429_15,0.426822377,0.439270687,0.310518934,1.056884536,0.187417593,Ts65Dn,Memantine,C/S,t-CS-m
3504_1,0.592285971,0.336026332,0.2663076,0.958221024,0.219227314,Ts65Dn,Memantine,C/S,t-CS-m
3504_2,0.616173416,0.353436324,0.262428204,0.966770509,0.218068536,Ts65Dn,Memantine,C/S,t-CS-m
3504_3,0.61460974,0.358127513,0.244208309,0.981521014,0.228752502,Ts65Dn,Memantine,C/S,t-CS-m
3504_4,0.4893753,0.34760894,0.285304033,0.937130532,0.213452628,Ts65Dn,Memantine,C/S,t-CS-m
3504_5,0.531095124,0.375596039,0.257366426,0.94756195,0.223820943,Ts65Dn,Memantine,C/S,t-CS-m
3504_6,0.566129698,0.375500303,0.244754397,0.931185461,0.229491945,Ts65Dn,Memantine,C/S,t-CS-m
3504_7,0.485492825,0.361476817,0.263022324,0.96145386,0.212946475,Ts65Dn,Memantine,C/S,t-CS-m
3504_8,0.468556061,0.382410242,0.273170053,0.966590815,0.211832851,Ts65Dn,Memantine,C/S,t-CS-m
3504_9,0.487334268,0.348157725,0.233225598,0.965074916,0.216125903,Ts65Dn,Memantine,C/S,t-CS-m
3504_10,0.450702341,0.373748975,0.273338802,0.924147157,0.214180602,Ts65Dn,Memantine,C/S,t-CS-m
3504_11,0.44049047,0.408006405,0.258606886,0.945755031,0.215113954,Ts65Dn,Memantine,C/S,t-CS-m
3504_12,0.464681927,0.367196702,0.244699647,0.97050976,0.225670552,Ts65Dn,Memantine,C/S,t-CS-m
3504_13,0.419542083,0.438618394,0.29650437,0.96372138,0.220574008,Ts65Dn,Memantine,C/S,t-CS-m
3504_14,0.430488199,0.443616395,0.289468523,0.973650178,0.21419334,Ts65Dn,Memantine,C/S,t-CS-m
3504_15,0.421105697,0.40976606,0.249164501,0.959502605,0.228869098,Ts65Dn,Memantine,C/S,t-CS-m
3505_1,0.534289401,0.344856118,0.365541969,1.13070663,0.187425566,Ts65Dn,Memantine,C/S,t-CS-m
3505_2,0.561645218,0.354931347,0.354392892,1.011960636,0.202119606,Ts65Dn,Memantine,C/S,t-CS-m
3505_3,0.548377552,0.352032804,0.3378119,1.065588322,0.202534767,Ts65Dn,Memantine,C/S,t-CS-m
3505_4,0.44288997,0.296251657,0.322767265,1.156934307,0.181062449,Ts65Dn,Memantine,C/S,t-CS-m
3505_5,0.44117247,0.316610658,0.314330293,1.073721436,0.186343852,Ts65Dn,Memantine,C/S,t-CS-m
3505_6,0.445371367,0.322531047,0.303962153,1.033503767,0.184876211,Ts65Dn,Memantine,C/S,t-CS-m
3505_7,0.422476587,0.300577179,0.306348971,1.096514048,0.192421089,Ts65Dn,Memantine,C/S,t-CS-m
3505_8,0.418621054,0.291855846,0.297956867,1.039587374,0.181184976,Ts65Dn,Memantine,C/S,t-CS-m
3505_9,0.415857886,0.293846571,0.282867986,1.055025997,0.185441941,Ts65Dn,Memantine,C/S,t-CS-m
3505_10,0.387450319,0.309116312,0.292699965,1.061664459,0.168854631,Ts65Dn,Memantine,C/S,t-CS-m
3505_11,0.400593105,0.321706127,0.294776794,1.092425553,0.181514889,Ts65Dn,Memantine,C/S,t-CS-m
3505_12,0.403316264,0.309639564,0.286672255,1.116922702,0.174103877,Ts65Dn,Memantine,C/S,t-CS-m
3505_13,0.393948517,0.289416455,0.277999275,1.085202469,0.181845552,Ts65Dn,Memantine,C/S,t-CS-m
3505_14,0.404722011,0.294224813,0.278921479,1.155521706,0.18126428,Ts65Dn,Memantine,C/S,t-CS-m
3505_15,0.392568175,0.339215686,0.281639929,1.137848367,0.192088702,Ts65Dn,Memantine,C/S,t-CS-m
3522_1,0.673622378,0.354628165,0.334651899,1.129734266,0.20979021,Ts65Dn,Memantine,C/S,t-CS-m
3522_2,0.701177541,0.351147947,0.339525579,1.187098242,0.219409523,Ts65Dn,Memantine,C/S,t-CS-m
3522_3,0.692521719,0.375608824,0.329099417,1.216512407,0.22037363,Ts65Dn,Memantine,C/S,t-CS-m
3522_4,0.605490556,0.332462687,0.298880597,1.135352145,0.201728225,Ts65Dn,Memantine,C/S,t-CS-m
3522_5,0.630080682,0.329793802,0.30843314,1.137996651,0.209620947,Ts65Dn,Memantine,C/S,t-CS-m
3522_6,0.612881356,0.342488655,0.307141151,1.111035782,0.205800377,Ts65Dn,Memantine,C/S,t-CS-m
3522_7,0.582406377,0.320309083,0.286193323,1.11744531,0.190304042,Ts65Dn,Memantine,C/S,t-CS-m
3522_8,0.594117094,0.32319722,0.291775268,1.187482379,0.186072738,Ts65Dn,Memantine,C/S,t-CS-m
3522_9,0.586926026,0.342181667,0.313562837,1.173665014,0.197886468,Ts65Dn,Memantine,C/S,t-CS-m
3522_10,0.498121713,0.343513058,0.328348778,1.191710493,0.168795392,Ts65Dn,Memantine,C/S,t-CS-m
3522_11,0.499937601,0.306231454,0.337487636,1.214027206,0.165231499,Ts65Dn,Memantine,C/S,t-CS-m
3522_12,0.555526692,0.301650428,0.302246968,1.153266658,0.177035979,Ts65Dn,Memantine,C/S,t-CS-m
3522_13,0.487732458,0.370907273,0.300924769,1.205813408,0.172214409,Ts65Dn,Memantine,C/S,t-CS-m
3522_14,0.500957854,0.309250506,0.275489534,1.255268199,0.177203065,Ts65Dn,Memantine,C/S,t-CS-m
3522_15,0.532331809,0.323354716,0.296507484,1.091606793,0.160842587,Ts65Dn,Memantine,C/S,t-CS-m
361_1,0.480213333,0.377104703,0.29369073,1.167626667,0.152213333,Ts65Dn,Memantine,C/S,t-CS-m
361_2,0.504407228,0.373086299,0.295075573,1.292309387,0.156346408,Ts65Dn,Memantine,C/S,t-CS-m
361_3,0.49760419,0.372874917,0.294424922,1.226320481,0.152774682,Ts65Dn,Memantine,C/S,t-CS-m
361_4,0.416756976,0.384254564,0.276495943,1.222162016,0.15287185,Ts65Dn,Memantine,C/S,t-CS-m
361_5,0.425263305,0.387630208,0.301692708,1.304456999,0.162516566,Ts65Dn,Memantine,C/S,t-CS-m
361_6,0.401806025,0.396616786,0.310865322,1.092369201,0.15144413,Ts65Dn,Memantine,C/S,t-CS-m
361_7,0.374932274,0.386550556,0.298822771,1.213653603,0.153964241,Ts65Dn,Memantine,C/S,t-CS-m
361_8,0.370682622,0.352740283,0.300211416,1.116671199,0.150484997,Ts65Dn,Memantine,C/S,t-CS-m
361_9,0.347587217,0.35199241,0.303447185,1.082043769,0.147513964,Ts65Dn,Memantine,C/S,t-CS-m
361_10,0.371497006,0.358872493,0.294362467,1.248023952,0.14502994,Ts65Dn,Memantine,C/S,t-CS-m
361_11,0.356104651,0.382485876,0.297740113,1.275193798,0.149224806,Ts65Dn,Memantine,C/S,t-CS-m
361_12,0.347990992,0.358643284,0.304104837,1.300817826,0.139978665,Ts65Dn,Memantine,C/S,t-CS-m
361_13,0.337914185,0.338132733,0.305736783,1.135135135,0.138494427,Ts65Dn,Memantine,C/S,t-CS-m
361_14,0.320960699,0.377644894,0.313477461,1.231129133,0.142545228,Ts65Dn,Memantine,C/S,t-CS-m
361_15,0.322410148,0.394092054,0.309365697,1.224705527,0.146330414,Ts65Dn,Memantine,C/S,t-CS-m
363_1,0.73745291,0.337079878,0.252400698,1.210900474,0.267164905,Ts65Dn,Memantine,C/S,t-CS-m
363_2,0.729760963,0.342540843,0.249032674,1.227540904,0.263365975,Ts65Dn,Memantine,C/S,t-CS-m
363_3,0.754125719,0.341915776,0.279183941,1.363804932,0.268001731,Ts65Dn,Memantine,C/S,t-CS-m
363_4,0.712385321,0.345616813,0.256081762,1.20351682,0.268119266,Ts65Dn,Memantine,C/S,t-CS-m
363_5,0.707708945,0.361956843,0.268105232,1.193727792,0.273675266,Ts65Dn,Memantine,C/S,t-CS-m
363_6,0.712649017,0.339153513,0.255901662,1.203901533,0.279609847,Ts65Dn,Memantine,C/S,t-CS-m
363_7,0.627900059,0.386937536,0.297322954,1.187487607,0.232203054,Ts65Dn,Memantine,C/S,t-CS-m
363_8,0.635971512,0.394780677,0.290209143,1.19349985,0.221887852,Ts65Dn,Memantine,C/S,t-CS-m
363_9,0.637099191,0.398485395,0.276054814,1.252622116,0.238937169,Ts65Dn,Memantine,C/S,t-CS-m
363_10,0.616875443,0.425801985,0.311100854,1.169108958,0.240250532,Ts65Dn,Memantine,C/S,t-CS-m
363_11,0.613684961,0.451173709,0.315962441,1.146828225,0.238892849,Ts65Dn,Memantine,C/S,t-CS-m
363_12,0.628285508,0.440959848,0.306486101,1.196286472,0.244875814,Ts65Dn,Memantine,C/S,t-CS-m
363_13,0.58127236,0.491497073,0.341511012,1.20065329,0.219785348,Ts65Dn,Memantine,C/S,t-CS-m
363_14,0.57828679,0.519275029,0.361910242,1.17791026,0.23250706,Ts65Dn,Memantine,C/S,t-CS-m
363_15,0.577233202,0.536930179,0.366993653,1.206798419,0.239051383,Ts65Dn,Memantine,C/S,t-CS-m
18899_1,0.65812288,0.349865952,0.324061662,1.284771956,0.222860912,Ts65Dn,Saline,C/S,t-CS-s
18899_2,0.64084507,0.37362259,0.351928375,1.204413146,0.228262911,Ts65Dn,Saline,C/S,t-CS-s
18899_3,0.572996707,0.369550637,0.370053655,1.215697036,0.209751189,Ts65Dn,Saline,C/S,t-CS-s
18899_4,0.633441721,0.33776908,0.310567515,1.262381191,0.21835918,Ts65Dn,Saline,C/S,t-CS-s
18899_5,0.61691358,0.351306512,0.340729988,1.268765432,0.206419753,Ts65Dn,Saline,C/S,t-CS-s
18899_6,0.550601979,0.374573207,0.356898976,1.144474908,0.19775897,Ts65Dn,Saline,C/S,t-CS-s
18899_7,0.615135635,0.352647827,0.308240323,1.246609125,0.217324291,Ts65Dn,Saline,C/S,t-CS-s
18899_8,0.58241266,0.350146199,0.333089669,1.269782024,0.196775157,Ts65Dn,Saline,C/S,t-CS-s
18899_9,0.533893221,0.369179069,0.352136342,1.234703059,0.193611278,Ts65Dn,Saline,C/S,t-CS-s
18899_10,0.624766258,0.316856781,0.290557668,1.42156659,0.194473301,Ts65Dn,Saline,C/S,t-CS-s
18899_11,0.632648785,0.353495935,0.300487805,1.397317687,0.190905281,Ts65Dn,Saline,C/S,t-CS-s
18899_12,0.611757624,0.364428664,0.347320852,1.483146067,0.176163724,Ts65Dn,Saline,C/S,t-CS-s
18899_13,0.652845528,0.385204082,0.314868805,1.562059621,0.202168022,Ts65Dn,Saline,C/S,t-CS-s
18899_14,0.642020307,0.388684791,0.330639236,1.437125749,0.190315022,Ts65Dn,Saline,C/S,t-CS-s
18899_15,0.665336526,0.391055456,0.336314848,1.530194201,0.18462357,Ts65Dn,Saline,C/S,t-CS-s
3476_1,0.714254906,0.341393304,0.271305377,1.288979944,0.271188268,Ts65Dn,Saline,C/S,t-CS-s
3476_2,0.724528302,0.347272105,0.272447409,1.285917419,0.280284386,Ts65Dn,Saline,C/S,t-CS-s
3476_3,0.719847853,0.368719539,0.287106779,1.29420466,0.262982725,Ts65Dn,Saline,C/S,t-CS-s
3476_4,0.625437246,0.316664742,0.24795011,1.208269204,0.258779908,Ts65Dn,Saline,C/S,t-CS-s
3476_5,0.64993358,0.308486912,0.271041202,1.191428372,0.25637978,Ts65Dn,Saline,C/S,t-CS-s
3476_6,0.646373596,0.319120826,0.259188086,1.203855221,0.248925253,Ts65Dn,Saline,C/S,t-CS-s
3476_7,0.548537292,0.323943662,0.257719393,1.191601511,0.232451902,Ts65Dn,Saline,C/S,t-CS-s
3476_8,0.539241164,0.339165174,0.274280204,1.10507623,0.227130977,Ts65Dn,Saline,C/S,t-CS-s
3476_9,0.595684968,0.303972366,0.258535937,1.171636555,0.219522891,Ts65Dn,Saline,C/S,t-CS-s
3476_10,0.61996273,0.331782391,0.276127416,1.352434195,0.207314232,Ts65Dn,Saline,C/S,t-CS-s
3476_11,0.621263974,0.313162148,0.260369905,1.374287018,0.22667123,Ts65Dn,Saline,C/S,t-CS-s
3476_12,0.586160564,0.281270358,0.242833876,1.333781212,0.230769231,Ts65Dn,Saline,C/S,t-CS-s
3476_13,0.584847073,0.374926886,0.279976604,1.3122186,0.203074057,Ts65Dn,Saline,C/S,t-CS-s
3476_14,0.529156417,0.361010101,0.272121212,1.245839965,0.201707423,Ts65Dn,Saline,C/S,t-CS-s
3476_15,0.543184787,0.297499544,0.245847782,1.193206561,0.204528959,Ts65Dn,Saline,C/S,t-CS-s
3483_1,0.8226108,0.242322674,0.253464988,1.127790608,0.334268118,Ts65Dn,Saline,C/S,t-CS-s
3483_2,0.787701877,0.242437683,0.278275526,1.327531646,0.330150589,Ts65Dn,Saline,C/S,t-CS-s
3483_3,0.80738627,0.227880387,0.239929639,1.227130549,0.329967623,Ts65Dn,Saline,C/S,t-CS-s
3483_4,0.719246742,0.271750198,0.234755063,1.128240011,0.280681655,Ts65Dn,Saline,C/S,t-CS-s
3483_5,0.711880063,0.263874585,0.236869207,1.163492966,0.273411965,Ts65Dn,Saline,C/S,t-CS-s
3483_6,0.69547928,0.268953488,0.240232558,1.146644342,0.273336124,Ts65Dn,Saline,C/S,t-CS-s
3483_7,0.655598728,0.291129032,0.239919355,1.103496998,0.2522077,Ts65Dn,Saline,C/S,t-CS-s
3483_8,0.635985079,0.276976036,0.243876605,1.187212631,0.239784853,Ts65Dn,Saline,C/S,t-CS-s
3483_9,0.626269702,0.275945619,0.24417822,1.160070053,0.254290718,Ts65Dn,Saline,C/S,t-CS-s
3483_10,0.478006501,0.333333333,0.269408832,0.978006501,0.182665222,Ts65Dn,Saline,C/S,t-CS-s
3483_11,0.46624245,0.321371752,0.256496376,0.991048318,0.20340811,Ts65Dn,Saline,C/S,t-CS-s
3483_12,0.489056686,0.310976664,0.25514261,1.057999562,0.195009849,Ts65Dn,Saline,C/S,t-CS-s
3483_13,0.476639712,0.339988022,0.259932122,1.025007487,0.188080264,Ts65Dn,Saline,C/S,t-CS-s
3483_14,0.436778206,0.317853659,0.268487805,1.069736452,0.193514954,Ts65Dn,Saline,C/S,t-CS-s
3483_15,0.42571729,0.294313074,0.262263045,1.049121226,0.201291873,Ts65Dn,Saline,C/S,t-CS-s
3498_1,0.662145053,0.236006198,0.242591517,1.154277446,0.257792247,Ts65Dn,Saline,C/S,t-CS-s
3498_2,0.667029314,0.236575179,0.24363564,1.131278332,0.239286794,Ts65Dn,Saline,C/S,t-CS-s
3498_3,0.64192399,0.284495888,0.269570515,1.040380048,0.243289786,Ts65Dn,Saline,C/S,t-CS-s
3498_4,0.618798127,0.246198407,0.235578084,1.107882829,0.254822577,Ts65Dn,Saline,C/S,t-CS-s
3498_5,0.620196533,0.259723138,0.257218194,1.099145163,0.255093073,Ts65Dn,Saline,C/S,t-CS-s
3498_6,0.609379894,0.265855891,0.24885576,1.173191356,0.24600689,Ts65Dn,Saline,C/S,t-CS-s
3498_7,0.623951587,0.237520129,0.228502415,1.144070496,0.262979085,Ts65Dn,Saline,C/S,t-CS-s
3498_8,0.615597699,0.256095538,0.23984077,1.106008949,0.238972938,Ts65Dn,Saline,C/S,t-CS-s
3498_9,0.60464135,0.260672269,0.265042017,1.115189873,0.239662447,Ts65Dn,Saline,C/S,t-CS-s
3498_10,0.613477606,0.250143871,0.2319202,1.165593754,0.231201205,Ts65Dn,Saline,C/S,t-CS-s
3498_11,0.600271003,0.288997356,0.243847875,1.15704607,0.245528455,Ts65Dn,Saline,C/S,t-CS-s
3498_12,0.584541063,0.286652542,0.260381356,1.149221685,0.211755233,Ts65Dn,Saline,C/S,t-CS-s
3498_13,0.602475428,0.260481713,0.234388938,1.194029851,0.235529669,Ts65Dn,Saline,C/S,t-CS-s
3498_14,0.610979822,0.274269557,0.240574929,1.197236866,0.233230322,Ts65Dn,Saline,C/S,t-CS-s
3498_15,0.595130748,0.268956289,0.238180196,1.209558161,0.238232642,Ts65Dn,Saline,C/S,t-CS-s
50810B_1,0.63922397,0.291047011,0.280866354,1.052587692,0.255934182,Ts65Dn,Saline,C/S,t-CS-s
50810B_2,0.624552069,0.296373989,0.262910798,1.115321968,0.248018243,Ts65Dn,Saline,C/S,t-CS-s
50810B_3,0.637391775,0.290791282,0.263302572,1.172348485,0.266017316,Ts65Dn,Saline,C/S,t-CS-s
50810B_4,0.594594595,0.30368932,0.259676375,0.960960961,0.245154245,Ts65Dn,Saline,C/S,t-CS-s
50810B_5,0.587956788,0.309864506,0.261744966,1.018004801,0.235996266,Ts65Dn,Saline,C/S,t-CS-s
50810B_6,0.581206648,0.302145709,0.280439122,1.115691663,0.254089779,Ts65Dn,Saline,C/S,t-CS-s
50810B_7,0.561925172,0.313953488,0.259253194,1.003303866,0.215465667,Ts65Dn,Saline,C/S,t-CS-s
50810B_8,0.549907497,0.335044929,0.262997433,1.031098582,0.205973042,Ts65Dn,Saline,C/S,t-CS-s
50810B_9,0.551176317,0.325497878,0.273261508,1.09801198,0.222154701,Ts65Dn,Saline,C/S,t-CS-s
50810B_10,0.448593875,0.323424939,0.277435035,0.830809518,0.143572811,Ts65Dn,Saline,C/S,t-CS-s
50810B_11,0.414077505,0.340904994,0.260140617,0.897525703,0.140888035,Ts65Dn,Saline,C/S,t-CS-s
50810B_12,0.436892119,0.35124195,0.301379945,0.976634992,0.138177753,Ts65Dn,Saline,C/S,t-CS-s
50810B_13,0.56284008,0.369282619,0.308618199,1.060252157,0.189781022,Ts65Dn,Saline,C/S,t-CS-s
50810B_14,0.532130339,0.36728972,0.317990654,1.058938076,0.186291055,Ts65Dn,Saline,C/S,t-CS-s
50810B_15,0.541310541,0.378261856,0.313818924,1.103600104,0.186091686,Ts65Dn,Saline,C/S,t-CS-s
50810C_1,0.627162253,0.322946572,0.295427491,1.229307683,0.266239164,Ts65Dn,Saline,C/S,t-CS-s
50810C_2,0.590336537,0.329287448,0.306368699,1.154868104,0.26536238,Ts65Dn,Saline,C/S,t-CS-s
50810C_3,0.56011411,0.357484905,0.293635922,1.06486243,0.244585413,Ts65Dn,Saline,C/S,t-CS-s
50810C_4,0.524261275,0.313849943,0.276619932,1.27029549,0.232918611,Ts65Dn,Saline,C/S,t-CS-s
50810C_5,0.5251391,0.300191022,0.278892073,1.193576125,0.234243804,Ts65Dn,Saline,C/S,t-CS-s
50810C_6,0.49304429,0.293174189,0.277415144,1.137000442,0.228088286,Ts65Dn,Saline,C/S,t-CS-s
50810C_7,0.481087712,0.289498359,0.262423816,1.298098548,0.217065358,Ts65Dn,Saline,C/S,t-CS-s
50810C_8,0.479600054,0.32808399,0.266881413,1.259294054,0.204133673,Ts65Dn,Saline,C/S,t-CS-s
50810C_9,0.469120275,0.306415273,0.26716471,1.15959489,0.205533858,Ts65Dn,Saline,C/S,t-CS-s
50810C_10,0.489403974,0.284714663,0.286114135,1.404541154,0.187322611,Ts65Dn,Saline,C/S,t-CS-s
50810C_11,0.477431363,0.298545629,0.266901071,1.27780363,0.191530945,Ts65Dn,Saline,C/S,t-CS-s
50810C_12,0.442152466,0.273569151,0.25064521,1.242959641,0.179730942,Ts65Dn,Saline,C/S,t-CS-s
50810C_13,0.475586854,0.280734569,0.248937256,1.245657277,0.179577465,Ts65Dn,Saline,C/S,t-CS-s
50810C_14,0.465723234,0.27736469,0.248486944,1.251014963,0.17666164,Ts65Dn,Saline,C/S,t-CS-s
50810C_15,0.459899749,0.328631618,0.268364169,1.228639781,0.164957849,Ts65Dn,Saline,C/S,t-CS-s
50810E_1,0.686998121,0.314176586,0.264523006,1.376217324,0.276667236,Ts65Dn,Saline,C/S,t-CS-s
50810E_2,0.680057948,0.30278247,0.26260112,1.189390985,0.26907004,Ts65Dn,Saline,C/S,t-CS-s
50810E_3,0.675236954,0.317625736,0.272043498,1.238533609,0.253295566,Ts65Dn,Saline,C/S,t-CS-s
50810E_4,0.609184353,0.298265319,0.261200549,1.30562745,0.243437107,Ts65Dn,Saline,C/S,t-CS-s
50810E_5,0.615684544,0.291682255,0.259633371,1.332744795,0.252777165,Ts65Dn,Saline,C/S,t-CS-s
50810E_6,0.588879528,0.305969215,0.267801276,1.201207526,0.221005336,Ts65Dn,Saline,C/S,t-CS-s
50810E_7,0.559687831,0.292898507,0.253733618,1.32671741,0.2162058,Ts65Dn,Saline,C/S,t-CS-s
50810E_8,0.538739081,0.305377721,0.273527529,1.216483099,0.206228637,Ts65Dn,Saline,C/S,t-CS-s
50810E_9,0.52758133,0.294099135,0.266404406,1.203017445,0.187930222,Ts65Dn,Saline,C/S,t-CS-s
50810E_10,0.514859824,0.248318043,0.240672783,1.153892432,0.171940801,Ts65Dn,Saline,C/S,t-CS-s
50810E_11,0.528780488,0.290017078,0.237851265,1.254146341,0.169512195,Ts65Dn,Saline,C/S,t-CS-s
50810E_12,0.531034483,0.268895801,0.245567652,1.169334975,0.180788177,Ts65Dn,Saline,C/S,t-CS-s
50810E_13,0.518697956,0.279039705,0.258171745,1.311733535,0.178501136,Ts65Dn,Saline,C/S,t-CS-s
50810E_14,0.52725302,0.288921878,0.246056782,1.203933106,0.173273459,Ts65Dn,Saline,C/S,t-CS-s
50810E_15,0.527087514,0.307502374,0.290788224,1.346041056,0.177496527,Ts65Dn,Saline,C/S,t-CS-s
